CREATE TABLE equipos (id varchar PRIMARY KEY  NOT NULL  UNIQUE , nombre varchar NOT NULL );
CREATE TABLE equipos_temporada (id_temporada integer NOT NULL , id_equipo varchar NOT NULL , division integer NOT NULL ,  PRIMARY KEY (id_temporada, id_equipo));
CREATE TABLE equipos_usuarios (id_temporada integer NOT NULL , id_equipo varchar NOT NULL , id_usuario integer NOT NULL, calidad_intrinseca integer NOT NULL,  PRIMARY KEY (id_temporada, id_equipo, id_usuario));
CREATE TABLE valoresdefecto_equipos_calidadintrinseca (id_temporada integer NOT NULL , id_equipo varchar NOT NULL , calidad_intrinseca integer NOT NULL,  PRIMARY KEY (id_temporada, id_equipo));
CREATE TABLE jornadas (id integer PRIMARY KEY  AUTOINCREMENT  NOT NULL  UNIQUE , id_temporada integer NOT NULL, division integer NOT NULL , jornada_num integer NOT NULL , id_local varchar NOT NULL , id_visitante varchar NOT NULL , goles_local integer NOT NULL  DEFAULT 0, goles_visitante integer NOT NULL  DEFAULT 0);
CREATE TABLE pesos_factores (id integer PRIMARY KEY  NOT NULL  UNIQUE , id_usuario integer NOT NULL , aleatoriedad integer NOT NULL , calidad_intrinseca integer NOT NULL , factor_campo integer NOT NULL , golaveraje integer NOT NULL , golaveraje_localvisit integer NOT NULL , puntos_partido integer NOT NULL , puntos_partido_localvisit integer NOT NULL , ultimos4 integer NOT NULL , ultimos4_localvisit integer NOT NULL );
CREATE TABLE patrones_pesos_factores (id integer PRIMARY KEY  NOT NULL  UNIQUE , nombre varchar NOT NULL, id_usuario integer NOT NULL , aleatoriedad integer NOT NULL , calidad_intrinseca integer NOT NULL , factor_campo integer NOT NULL , golaveraje integer NOT NULL , golaveraje_localvisit integer NOT NULL , puntos_partido integer NOT NULL , puntos_partido_localvisit integer NOT NULL , ultimos4 integer NOT NULL , ultimos4_localvisit integer NOT NULL );
CREATE TABLE quinielas (id integer PRIMARY KEY  AUTOINCREMENT  NOT NULL  UNIQUE , id_temporada integer NOT NULL , fecha integer NOT NULL, nombre varchar, aciertos integer default -1  );
CREATE TABLE quinielas_partidos (id integer PRIMARY KEY  AUTOINCREMENT  NOT NULL  UNIQUE , id_quiniela integer NOT NULL, id_local varchar NOT NULL , id_visitante varchar NOT NULL , partido_num integer NOT NULL , resultado_1x2 CHAR NOT NULL );
CREATE TABLE quinielas_usuarios (id_quiniela integer NOT NULL , id_usuario integer NOT NULL , PRIMARY KEY (id_quiniela, id_usuario));
CREATE TABLE quinielas_disponibles_server (id integer PRIMARY KEY  AUTOINCREMENT  NOT NULL  UNIQUE , id_temporada integer NOT NULL , fecha integer NOT NULL, disponible_correccion bool default 0  );
CREATE TABLE quinielas_partidos_disponibles_server (id integer PRIMARY KEY  AUTOINCREMENT  NOT NULL  UNIQUE , id_quiniela integer NOT NULL, id_local varchar NOT NULL , id_visitante varchar NOT NULL , partido_num integer NOT NULL , resultado_1x2 CHAR  );
CREATE TABLE temporadas (id integer PRIMARY KEY  NOT NULL  UNIQUE , nombre VARCHAR NOT NULL );
CREATE TABLE usuarios (id integer PRIMARY KEY  AUTOINCREMENT  NOT NULL , nombre varchar NOT NULL );
CREATE TABLE incidencias (id integer PRIMARY KEY  AUTOINCREMENT  NOT NULL , cuando TEXT NOT NULL, texto VARCHAR NOT NULL , enviada INTEGER default 0 );

insert into pesos_factores (id_usuario, aleatoriedad, calidad_intrinseca, factor_campo, golaveraje, golaveraje_localvisit, puntos_partido, puntos_partido_localvisit, ultimos4, ultimos4_localvisit) values (6,11,22,33,44,55,66,77,88,99);

insert into temporadas values (1314, '2013/14');

insert into equipos values ('alm', 'Almería');
insert into equipos values ('ath', 'Ath.Bilbao');
insert into equipos values ('atm', 'At.Madrid');
insert into equipos values ('bar', 'F.C.Barcelona');
insert into equipos values ('bet', 'R.Betis');
insert into equipos values ('cel', 'Celta');
insert into equipos values ('elc', 'Elche');
insert into equipos values ('esp', 'Espanyol');
insert into equipos values ('get', 'Getafe');
insert into equipos values ('gra', 'Granada');
insert into equipos values ('lev', 'Levante');
insert into equipos values ('mga', 'Málaga');
insert into equipos values ('osa', 'Osasuna');
insert into equipos values ('rma', 'R.Madrid');
insert into equipos values ('rso', 'R.Sociedad');
insert into equipos values ('rva', 'R.Vallecano');
insert into equipos values ('sev', 'Sevilla C.F.');
insert into equipos values ('val', 'Valencia');
insert into equipos values ('vad', 'Valladolid');
insert into equipos values ('vil', 'Villarreal');

insert into equipos values ('ala', 'Alavés');
insert into equipos values ('alc', 'Alcorcón');
insert into equipos values ('bar2', 'Barcelona B');
insert into equipos values ('cor', 'Córdoba');
insert into equipos values ('dep', 'Deportivo');
insert into equipos values ('eib', 'Eibar'); 	
insert into equipos values ('gij', 'S.Gijón');
insert into equipos values ('gir', 'Girona');
insert into equipos values ('her', 'Hércules');
insert into equipos values ('jae', 'Jaén');
insert into equipos values ('lpa', 'Las Palmas');
insert into equipos values ('lug', 'Lugo');
insert into equipos values ('mca', 'Mallorca');
insert into equipos values ('mir', 'Mirandés');
insert into equipos values ('mur', 'Murcia');
insert into equipos values ('num', 'Numancia');
insert into equipos values ('pon', 'Ponferradina');
insert into equipos values ('rec', 'R.Huelva');
insert into equipos values ('rma2', 'RM Castilla');
insert into equipos values ('sab', 'Sabadell');
insert into equipos values ('ten', 'Tenerife');
insert into equipos values ('zar', 'Zaragoza');


insert into equipos_temporada (id_temporada, id_equipo, division) values (1314, 'alm', 1);
insert into equipos_temporada (id_temporada, id_equipo, division) values (1314, 'ath', 1);
insert into equipos_temporada (id_temporada, id_equipo, division) values (1314, 'atm', 1);
insert into equipos_temporada (id_temporada, id_equipo, division) values (1314, 'bar', 1);
insert into equipos_temporada (id_temporada, id_equipo, division) values (1314, 'bet', 1);
insert into equipos_temporada (id_temporada, id_equipo, division) values (1314, 'cel', 1);
insert into equipos_temporada (id_temporada, id_equipo, division) values (1314, 'elc', 1);
insert into equipos_temporada (id_temporada, id_equipo, division) values (1314, 'esp', 1);
insert into equipos_temporada (id_temporada, id_equipo, division) values (1314, 'get', 1);
insert into equipos_temporada (id_temporada, id_equipo, division) values (1314, 'gra', 1);
insert into equipos_temporada (id_temporada, id_equipo, division) values (1314, 'lev', 1);
insert into equipos_temporada (id_temporada, id_equipo, division) values (1314, 'mga', 1);
insert into equipos_temporada (id_temporada, id_equipo, division) values (1314, 'osa', 1);
insert into equipos_temporada (id_temporada, id_equipo, division) values (1314, 'rma', 1);
insert into equipos_temporada (id_temporada, id_equipo, division) values (1314, 'rso', 1);
insert into equipos_temporada (id_temporada, id_equipo, division) values (1314, 'rva', 1);
insert into equipos_temporada (id_temporada, id_equipo, division) values (1314, 'sev', 1);
insert into equipos_temporada (id_temporada, id_equipo, division) values (1314, 'vad', 1);
insert into equipos_temporada (id_temporada, id_equipo, division) values (1314, 'val', 1);
insert into equipos_temporada (id_temporada, id_equipo, division) values (1314, 'vil', 1);

insert into equipos_temporada (id_temporada, id_equipo, division) values (1314, 'ala', 2);
insert into equipos_temporada (id_temporada, id_equipo, division) values (1314, 'alc', 2);
insert into equipos_temporada (id_temporada, id_equipo, division) values (1314, 'bar2', 2);
insert into equipos_temporada (id_temporada, id_equipo, division) values (1314, 'cor', 2);
insert into equipos_temporada (id_temporada, id_equipo, division) values (1314, 'dep', 2);
insert into equipos_temporada (id_temporada, id_equipo, division) values (1314, 'eib', 2);
insert into equipos_temporada (id_temporada, id_equipo, division) values (1314, 'gij', 2);
insert into equipos_temporada (id_temporada, id_equipo, division) values (1314, 'gir', 2);
insert into equipos_temporada (id_temporada, id_equipo, division) values (1314, 'her', 2);
insert into equipos_temporada (id_temporada, id_equipo, division) values (1314, 'jae', 2);
insert into equipos_temporada (id_temporada, id_equipo, division) values (1314, 'lpa', 2);
insert into equipos_temporada (id_temporada, id_equipo, division) values (1314, 'lug', 2);
insert into equipos_temporada (id_temporada, id_equipo, division) values (1314, 'mca', 2);
insert into equipos_temporada (id_temporada, id_equipo, division) values (1314, 'mir', 2);
insert into equipos_temporada (id_temporada, id_equipo, division) values (1314, 'mur', 2);
insert into equipos_temporada (id_temporada, id_equipo, division) values (1314, 'num', 2);
insert into equipos_temporada (id_temporada, id_equipo, division) values (1314, 'pon', 2);
insert into equipos_temporada (id_temporada, id_equipo, division) values (1314, 'rec', 2);
insert into equipos_temporada (id_temporada, id_equipo, division) values (1314, 'rma2', 2);
insert into equipos_temporada (id_temporada, id_equipo, division) values (1314, 'sab', 2);
insert into equipos_temporada (id_temporada, id_equipo, division) values (1314, 'ten', 2);
insert into equipos_temporada (id_temporada, id_equipo, division) values (1314, 'zar', 2);

insert into valoresdefecto_equipos_calidadintrinseca (id_temporada, id_equipo, calidad_intrinseca) values (1314, 'alm', 18);
insert into valoresdefecto_equipos_calidadintrinseca (id_temporada, id_equipo, calidad_intrinseca) values (1314, 'ath', 30);
insert into valoresdefecto_equipos_calidadintrinseca (id_temporada, id_equipo, calidad_intrinseca) values (1314, 'atm', 66);
insert into valoresdefecto_equipos_calidadintrinseca (id_temporada, id_equipo, calidad_intrinseca) values (1314, 'bar', 90);
insert into valoresdefecto_equipos_calidadintrinseca (id_temporada, id_equipo, calidad_intrinseca) values (1314, 'bet', 43);
insert into valoresdefecto_equipos_calidadintrinseca (id_temporada, id_equipo, calidad_intrinseca) values (1314, 'cel', 20);
insert into valoresdefecto_equipos_calidadintrinseca (id_temporada, id_equipo, calidad_intrinseca) values (1314, 'elc', 18);
insert into valoresdefecto_equipos_calidadintrinseca (id_temporada, id_equipo, calidad_intrinseca) values (1314, 'esp', 28);
insert into valoresdefecto_equipos_calidadintrinseca (id_temporada, id_equipo, calidad_intrinseca) values (1314, 'get', 32);
insert into valoresdefecto_equipos_calidadintrinseca (id_temporada, id_equipo, calidad_intrinseca) values (1314, 'gra', 26);
insert into valoresdefecto_equipos_calidadintrinseca (id_temporada, id_equipo, calidad_intrinseca) values (1314, 'lev', 31);
insert into valoresdefecto_equipos_calidadintrinseca (id_temporada, id_equipo, calidad_intrinseca) values (1314, 'mga', 44);
insert into valoresdefecto_equipos_calidadintrinseca (id_temporada, id_equipo, calidad_intrinseca) values (1314, 'osa', 22);
insert into valoresdefecto_equipos_calidadintrinseca (id_temporada, id_equipo, calidad_intrinseca) values (1314, 'rma', 77);
insert into valoresdefecto_equipos_calidadintrinseca (id_temporada, id_equipo, calidad_intrinseca) values (1314, 'rso', 55);
insert into valoresdefecto_equipos_calidadintrinseca (id_temporada, id_equipo, calidad_intrinseca) values (1314, 'rva', 39);
insert into valoresdefecto_equipos_calidadintrinseca (id_temporada, id_equipo, calidad_intrinseca) values (1314, 'sev', 35);
insert into valoresdefecto_equipos_calidadintrinseca (id_temporada, id_equipo, calidad_intrinseca) values (1314, 'vad', 27);
insert into valoresdefecto_equipos_calidadintrinseca (id_temporada, id_equipo, calidad_intrinseca) values (1314, 'val', 53);
insert into valoresdefecto_equipos_calidadintrinseca (id_temporada, id_equipo, calidad_intrinseca) values (1314, 'vil', 18);

insert into valoresdefecto_equipos_calidadintrinseca (id_temporada, id_equipo, calidad_intrinseca) values (1314, 'ala', 18);
insert into valoresdefecto_equipos_calidadintrinseca (id_temporada, id_equipo, calidad_intrinseca) values (1314, 'alc', 83);
insert into valoresdefecto_equipos_calidadintrinseca (id_temporada, id_equipo, calidad_intrinseca) values (1314, 'bar2',43);
insert into valoresdefecto_equipos_calidadintrinseca (id_temporada, id_equipo, calidad_intrinseca) values (1314, 'cor', 33);
insert into valoresdefecto_equipos_calidadintrinseca (id_temporada, id_equipo, calidad_intrinseca) values (1314, 'dep', 92);
insert into valoresdefecto_equipos_calidadintrinseca (id_temporada, id_equipo, calidad_intrinseca) values (1314, 'eib', 18);
insert into valoresdefecto_equipos_calidadintrinseca (id_temporada, id_equipo, calidad_intrinseca) values (1314, 'gij', 40);
insert into valoresdefecto_equipos_calidadintrinseca (id_temporada, id_equipo, calidad_intrinseca) values (1314, 'gir', 90);
insert into valoresdefecto_equipos_calidadintrinseca (id_temporada, id_equipo, calidad_intrinseca) values (1314, 'her', 20);
insert into valoresdefecto_equipos_calidadintrinseca (id_temporada, id_equipo, calidad_intrinseca) values (1314, 'jae', 18);
insert into valoresdefecto_equipos_calidadintrinseca (id_temporada, id_equipo, calidad_intrinseca) values (1314, 'lpa', 73);
insert into valoresdefecto_equipos_calidadintrinseca (id_temporada, id_equipo, calidad_intrinseca) values (1314, 'lug', 40);
insert into valoresdefecto_equipos_calidadintrinseca (id_temporada, id_equipo, calidad_intrinseca) values (1314, 'mca', 92);
insert into valoresdefecto_equipos_calidadintrinseca (id_temporada, id_equipo, calidad_intrinseca) values (1314, 'mir', 27);
insert into valoresdefecto_equipos_calidadintrinseca (id_temporada, id_equipo, calidad_intrinseca) values (1314, 'mur', 20);
insert into valoresdefecto_equipos_calidadintrinseca (id_temporada, id_equipo, calidad_intrinseca) values (1314, 'num', 37);
insert into valoresdefecto_equipos_calidadintrinseca (id_temporada, id_equipo, calidad_intrinseca) values (1314, 'pon', 73);
insert into valoresdefecto_equipos_calidadintrinseca (id_temporada, id_equipo, calidad_intrinseca) values (1314, 'rec', 33);
insert into valoresdefecto_equipos_calidadintrinseca (id_temporada, id_equipo, calidad_intrinseca) values (1314, 'rma2',50);
insert into valoresdefecto_equipos_calidadintrinseca (id_temporada, id_equipo, calidad_intrinseca) values (1314, 'sab', 27);
insert into valoresdefecto_equipos_calidadintrinseca (id_temporada, id_equipo, calidad_intrinseca) values (1314, 'ten', 18);
insert into valoresdefecto_equipos_calidadintrinseca (id_temporada, id_equipo, calidad_intrinseca) values (1314, 'zar', 92);
  